model,accuracy,macro_f1,log_loss,multiclass_brier
logistic_regression,0.45161290322580644,0.33644070062842624,1.0570326331798552,0.6371575873387383
random_forest,0.44205495818399043,0.3394232976103064,1.0608232390817065,0.640379045397383
